{
  "smartphone": {
    "category_name": "smartphone",
    "total_ads_found": 141,
    "top_keywords": {
      "the": 62,
      "your": 52,
      "more": 46,
      "and": 41,
      "now": 41,
      "get": 38,
      "for": 34,
      "learn": 33,
      "devices": 31,
      "with": 26,
      "com": 23,
      "all": 18,
      "new": 17,
      "shop": 17,
      "app": 16,
      "free": 16,
      "you": 16,
      "trade": 15,
      "wireless": 14,
      "premium": 12,
      "best": 11,
      "apply": 11,
      "one": 11,
      "from": 11,
      "plus": 11,
      "business": 11,
      "any": 10,
      "download": 10,
      "our": 10,
      "ipad": 10,
      "game": 9,
      "when": 9,
      "pro": 9,
      "today": 8,
      "unlimited": 8,
      "see": 8,
      "offer": 8,
      "start": 8,
      "content": 8,
      "analog": 8,
      "simple": 8,
      "account": 8,
      "proceed": 8,
      "time": 7,
      "better": 7,
      "digital": 7,
      "news": 7,
      "data": 7,
      "customers": 7,
      "find": 7
    },
    "sample_images": [
      "images/smartphone_0.jpg",
      "images/smartphone_1.jpg",
      "images/smartphone_2.jpg",
      "images/smartphone_3.jpg",
      "images/smartphone_4.jpg",
      "images/smartphone_5.jpg",
      "images/smartphone_6.jpg",
      "images/smartphone_7.jpg",
      "images/smartphone_8.jpg",
      "images/smartphone_9.jpg",
      "images/smartphone_10.jpg",
      "images/smartphone_11.jpg",
      "images/smartphone_12.jpg",
      "images/smartphone_13.jpg",
      "images/smartphone_14.jpg",
      "images/smartphone_15.jpg",
      "images/smartphone_16.jpg",
      "images/smartphone_17.jpg",
      "images/smartphone_18.jpg",
      "images/smartphone_19.jpg",
      "images/smartphone_20.jpg",
      "images/smartphone_21.jpg",
      "images/smartphone_22.jpg",
      "images/smartphone_23.jpg",
      "images/smartphone_24.jpg",
      "images/smartphone_25.jpg",
      "images/smartphone_26.jpg",
      "images/smartphone_27.jpg",
      "images/smartphone_28.jpg",
      "images/smartphone_29.jpg",
      "images/smartphone_30.jpg",
      "images/smartphone_31.jpg",
      "images/smartphone_32.jpg",
      "images/smartphone_33.jpg",
      "images/smartphone_34.jpg",
      "images/smartphone_35.jpg",
      "images/smartphone_36.jpg",
      "images/smartphone_37.jpg",
      "images/smartphone_38.jpg",
      "images/smartphone_39.jpg"
    ]
  },
  "jobs": {
    "category_name": "jobs",
    "total_ads_found": 665,
    "top_keywords": {
      "the": 254,
      "your": 184,
      "for": 176,
      "now": 170,
      "and": 156,
      "more": 129,
      "learn": 99,
      "with": 93,
      "codes": 90,
      "network": 84,
      "terms": 81,
      "get": 80,
      "you": 79,
      "free": 79,
      "one": 77,
      "today": 71,
      "shopping": 70,
      "com": 66,
      "capital": 63,
      "live": 57,
      "coupon": 54,
      "year": 54,
      "jobs": 51,
      "from": 50,
      "fixed": 49,
      "conditions": 49,
      "business": 49,
      "new": 43,
      "required": 41,
      "time": 41,
      "term": 39,
      "click": 38,
      "online": 36,
      "download": 36,
      "start": 35,
      "shop": 34,
      "see": 34,
      "all": 34,
      "university": 33,
      "that": 31,
      "rate": 29,
      "ssn": 29,
      "payment": 29,
      "org": 29,
      "works": 28,
      "our": 28,
      "extension": 28,
      "net": 28,
      "nmls": 28,
      "mortgage": 27
    },
    "sample_images": [
      "images/jobs_0.jpg",
      "images/jobs_1.jpg",
      "images/jobs_2.jpg",
      "images/jobs_3.jpg",
      "images/jobs_4.jpg",
      "images/jobs_5.jpg",
      "images/jobs_6.jpg",
      "images/jobs_7.jpg",
      "images/jobs_8.jpg",
      "images/jobs_9.jpg",
      "images/jobs_10.jpg",
      "images/jobs_11.jpg",
      "images/jobs_12.jpg",
      "images/jobs_13.jpg",
      "images/jobs_14.jpg",
      "images/jobs_15.jpg",
      "images/jobs_16.jpg",
      "images/jobs_17.jpg",
      "images/jobs_18.jpg",
      "images/jobs_19.jpg",
      "images/jobs_20.jpg",
      "images/jobs_21.jpg",
      "images/jobs_22.jpg",
      "images/jobs_23.jpg",
      "images/jobs_24.jpg",
      "images/jobs_25.jpg",
      "images/jobs_26.jpg",
      "images/jobs_27.jpg",
      "images/jobs_28.jpg",
      "images/jobs_29.jpg",
      "images/jobs_30.jpg",
      "images/jobs_31.jpg",
      "images/jobs_32.jpg",
      "images/jobs_33.jpg",
      "images/jobs_34.jpg",
      "images/jobs_35.jpg",
      "images/jobs_36.jpg",
      "images/jobs_37.jpg",
      "images/jobs_38.jpg",
      "images/jobs_39.jpg"
    ]
  },
  "real_estate": {
    "category_name": "real_estate",
    "total_ads_found": 507,
    "top_keywords": {
      "the": 177,
      "your": 147,
      "for": 135,
      "and": 109,
      "more": 102,
      "now": 96,
      "free": 78,
      "learn": 73,
      "you": 69,
      "com": 67,
      "get": 53,
      "with": 47,
      "new": 45,
      "homes": 43,
      "shop": 40,
      "click": 36,
      "here": 36,
      "all": 35,
      "today": 34,
      "find": 33,
      "win": 31,
      "from": 29,
      "this": 29,
      "best": 26,
      "www": 24,
      "are": 24,
      "dream": 24,
      "one": 22,
      "design": 20,
      "only": 20,
      "our": 20,
      "off": 18,
      "time": 18,
      "not": 18,
      "enter": 18,
      "relocation": 18,
      "join": 17,
      "search": 17,
      "save": 17,
      "care": 17,
      "make": 16,
      "what": 15,
      "schedule": 15,
      "see": 15,
      "can": 15,
      "family": 15,
      "may": 14,
      "real": 14,
      "out": 14,
      "better": 14
    },
    "sample_images": [
      "images/real_estate_0.jpg",
      "images/real_estate_1.jpg",
      "images/real_estate_2.jpg",
      "images/real_estate_3.jpg",
      "images/real_estate_4.jpg",
      "images/real_estate_5.jpg",
      "images/real_estate_6.jpg",
      "images/real_estate_7.jpg",
      "images/real_estate_8.jpg",
      "images/real_estate_9.jpg",
      "images/real_estate_10.jpg",
      "images/real_estate_11.jpg",
      "images/real_estate_12.jpg",
      "images/real_estate_13.jpg",
      "images/real_estate_14.jpg",
      "images/real_estate_15.jpg",
      "images/real_estate_16.jpg",
      "images/real_estate_17.jpg",
      "images/real_estate_18.jpg",
      "images/real_estate_19.jpg",
      "images/real_estate_20.jpg",
      "images/real_estate_21.jpg",
      "images/real_estate_22.jpg",
      "images/real_estate_23.jpg",
      "images/real_estate_24.jpg",
      "images/real_estate_25.jpg",
      "images/real_estate_26.jpg",
      "images/real_estate_27.jpg",
      "images/real_estate_28.jpg",
      "images/real_estate_29.jpg",
      "images/real_estate_30.jpg",
      "images/real_estate_31.jpg",
      "images/real_estate_32.jpg",
      "images/real_estate_33.jpg",
      "images/real_estate_34.jpg",
      "images/real_estate_35.jpg",
      "images/real_estate_36.jpg",
      "images/real_estate_37.jpg",
      "images/real_estate_38.jpg",
      "images/real_estate_39.jpg"
    ]
  },
  "fashion": {
    "category_name": "fashion",
    "total_ads_found": 351,
    "top_keywords": {
      "now": 199,
      "the": 123,
      "shop": 106,
      "your": 89,
      "off": 83,
      "for": 69,
      "and": 55,
      "free": 52,
      "more": 44,
      "sales": 41,
      "get": 34,
      "save": 34,
      "tickets": 33,
      "black": 33,
      "friday": 33,
      "buy": 32,
      "shipping": 31,
      "learn": 30,
      "you": 28,
      "com": 28,
      "with": 25,
      "new": 25,
      "liver": 24,
      "summer": 22,
      "event": 21,
      "store": 20,
      "all": 19,
      "here": 19,
      "day": 19,
      "can": 19,
      "best": 18,
      "lifestyle": 18,
      "ashley": 18,
      "wholesale": 17,
      "click": 17,
      "this": 15,
      "yamaha": 15,
      "justfashion": 14,
      "book": 14,
      "wolverine": 14,
      "costco": 13,
      "furniture": 13,
      "our": 13,
      "any": 13,
      "stores": 12,
      "season": 12,
      "coupons": 11,
      "justfashionnow": 11,
      "rugs": 11,
      "are": 11
    },
    "sample_images": [
      "images/fashion_0.jpg",
      "images/fashion_1.jpg",
      "images/fashion_2.jpg",
      "images/fashion_3.jpg",
      "images/fashion_4.jpg",
      "images/fashion_5.jpg",
      "images/fashion_6.jpg",
      "images/fashion_7.jpg",
      "images/fashion_8.jpg",
      "images/fashion_9.jpg",
      "images/fashion_10.jpg",
      "images/fashion_11.jpg",
      "images/fashion_12.jpg",
      "images/fashion_13.jpg",
      "images/fashion_14.jpg",
      "images/fashion_15.jpg",
      "images/fashion_16.jpg",
      "images/fashion_17.jpg",
      "images/fashion_18.jpg",
      "images/fashion_19.jpg",
      "images/fashion_20.jpg",
      "images/fashion_21.jpg",
      "images/fashion_22.jpg",
      "images/fashion_23.jpg",
      "images/fashion_24.jpg",
      "images/fashion_25.jpg",
      "images/fashion_26.jpg",
      "images/fashion_27.jpg",
      "images/fashion_28.jpg",
      "images/fashion_29.jpg",
      "images/fashion_30.jpg",
      "images/fashion_31.jpg",
      "images/fashion_32.jpg",
      "images/fashion_33.jpg",
      "images/fashion_34.jpg",
      "images/fashion_35.jpg",
      "images/fashion_36.jpg",
      "images/fashion_37.jpg",
      "images/fashion_38.jpg",
      "images/fashion_39.jpg"
    ]
  },
  "travel": {
    "category_name": "travel",
    "total_ads_found": 312,
    "top_keywords": {
      "the": 165,
      "now": 121,
      "your": 99,
      "more": 60,
      "get": 58,
      "and": 57,
      "com": 47,
      "for": 44,
      "with": 42,
      "free": 38,
      "start": 37,
      "you": 35,
      "off": 30,
      "stay": 29,
      "all": 28,
      "best": 27,
      "click": 25,
      "save": 25,
      "one": 25,
      "learn": 24,
      "buy": 22,
      "pay": 22,
      "new": 21,
      "download": 20,
      "account": 17,
      "access": 17,
      "facebook": 17,
      "movies": 16,
      "music": 16,
      "games": 16,
      "content": 16,
      "books": 16,
      "from": 16,
      "custom": 16,
      "activate": 15,
      "hotels": 15,
      "find": 15,
      "ebook": 14,
      "visitorplans": 14,
      "day": 14,
      "where": 13,
      "that": 13,
      "credit": 13,
      "fun": 13,
      "news": 13,
      "five": 13,
      "insurance": 12,
      "travels": 12,
      "tickets": 12,
      "treatments": 12
    },
    "sample_images": [
      "images/travel_0.jpg",
      "images/travel_1.jpg",
      "images/travel_2.jpg",
      "images/travel_3.jpg",
      "images/travel_4.jpg",
      "images/travel_5.jpg",
      "images/travel_6.jpg",
      "images/travel_7.jpg",
      "images/travel_8.jpg",
      "images/travel_9.jpg",
      "images/travel_10.jpg",
      "images/travel_11.jpg",
      "images/travel_12.jpg",
      "images/travel_13.jpg",
      "images/travel_14.jpg",
      "images/travel_15.jpg",
      "images/travel_16.jpg",
      "images/travel_17.jpg",
      "images/travel_18.jpg",
      "images/travel_19.jpg",
      "images/travel_20.jpg",
      "images/travel_21.jpg",
      "images/travel_22.jpg",
      "images/travel_23.jpg",
      "images/travel_24.jpg",
      "images/travel_25.jpg",
      "images/travel_26.jpg",
      "images/travel_27.jpg",
      "images/travel_28.jpg",
      "images/travel_29.jpg",
      "images/travel_30.jpg",
      "images/travel_31.jpg",
      "images/travel_32.jpg",
      "images/travel_33.jpg",
      "images/travel_34.jpg",
      "images/travel_35.jpg",
      "images/travel_36.jpg",
      "images/travel_37.jpg",
      "images/travel_38.jpg",
      "images/travel_39.jpg"
    ]
  },
  "finance": {
    "category_name": "finance",
    "total_ads_found": 332,
    "top_keywords": {
      "the": 154,
      "more": 128,
      "for": 121,
      "learn": 115,
      "you": 102,
      "your": 81,
      "with": 57,
      "and": 56,
      "free": 55,
      "union": 50,
      "now": 50,
      "get": 40,
      "retirement": 34,
      "fdic": 33,
      "savings": 32,
      "member": 31,
      "investment": 30,
      "com": 28,
      "investments": 27,
      "month": 24,
      "power": 23,
      "ncua": 23,
      "apy": 22,
      "fisher": 22,
      "interest": 22,
      "are": 22,
      "federal": 21,
      "money": 21,
      "business": 20,
      "insured": 19,
      "how": 19,
      "here": 19,
      "annual": 18,
      "financial": 18,
      "new": 18,
      "withdrawals": 18,
      "percentage": 17,
      "yield": 17,
      "our": 17,
      "www": 17,
      "not": 17,
      "invested": 17,
      "news": 17,
      "federally": 16,
      "guide": 16,
      "payments": 16,
      "click": 16,
      "months": 16,
      "have": 16,
      "account": 15
    },
    "sample_images": [
      "images/finance_0.jpg",
      "images/finance_1.jpg",
      "images/finance_2.jpg",
      "images/finance_3.jpg",
      "images/finance_4.jpg",
      "images/finance_5.jpg",
      "images/finance_6.jpg",
      "images/finance_7.jpg",
      "images/finance_8.jpg",
      "images/finance_9.jpg",
      "images/finance_10.jpg",
      "images/finance_11.jpg",
      "images/finance_12.jpg",
      "images/finance_13.jpg",
      "images/finance_14.jpg",
      "images/finance_15.jpg",
      "images/finance_16.jpg",
      "images/finance_17.jpg",
      "images/finance_18.jpg",
      "images/finance_19.jpg",
      "images/finance_20.jpg",
      "images/finance_21.jpg",
      "images/finance_22.jpg",
      "images/finance_23.jpg",
      "images/finance_24.jpg",
      "images/finance_25.jpg",
      "images/finance_26.jpg",
      "images/finance_27.jpg",
      "images/finance_28.jpg",
      "images/finance_29.jpg",
      "images/finance_30.jpg",
      "images/finance_31.jpg",
      "images/finance_32.jpg",
      "images/finance_33.jpg",
      "images/finance_34.jpg",
      "images/finance_35.jpg",
      "images/finance_36.jpg",
      "images/finance_37.jpg",
      "images/finance_38.jpg",
      "images/finance_39.jpg"
    ]
  },
  "software": {
    "category_name": "software",
    "total_ads_found": 646,
    "top_keywords": {
      "the": 295,
      "more": 154,
      "for": 134,
      "your": 130,
      "get": 124,
      "now": 116,
      "free": 115,
      "learn": 114,
      "and": 111,
      "with": 82,
      "continue": 70,
      "you": 69,
      "download": 65,
      "available": 51,
      "technology": 46,
      "play": 45,
      "desk": 44,
      "apps": 44,
      "applied": 44,
      "store": 43,
      "one": 43,
      "service": 42,
      "google": 41,
      "com": 40,
      "automatically": 37,
      "checkout": 37,
      "click": 36,
      "coupons": 36,
      "here": 34,
      "new": 34,
      "appointment": 33,
      "watch": 33,
      "start": 31,
      "try": 30,
      "shop": 29,
      "apple": 28,
      "plus": 28,
      "sal": 28,
      "slickdeals": 28,
      "from": 28,
      "codes": 28,
      "all": 27,
      "news": 27,
      "find": 27,
      "trial": 25,
      "only": 24,
      "best": 24,
      "add": 24,
      "live": 24,
      "shopping": 23
    },
    "sample_images": [
      "images/software_0.jpg",
      "images/software_1.jpg",
      "images/software_2.jpg",
      "images/software_3.jpg",
      "images/software_4.jpg",
      "images/software_5.jpg",
      "images/software_6.jpg",
      "images/software_7.jpg",
      "images/software_8.jpg",
      "images/software_9.jpg",
      "images/software_10.jpg",
      "images/software_11.jpg",
      "images/software_12.jpg",
      "images/software_13.jpg",
      "images/software_14.jpg",
      "images/software_15.jpg",
      "images/software_16.jpg",
      "images/software_17.jpg",
      "images/software_18.jpg",
      "images/software_19.jpg",
      "images/software_20.jpg",
      "images/software_21.jpg",
      "images/software_22.jpg",
      "images/software_23.jpg",
      "images/software_24.jpg",
      "images/software_25.jpg",
      "images/software_26.jpg",
      "images/software_27.jpg",
      "images/software_28.jpg",
      "images/software_29.jpg",
      "images/software_30.jpg",
      "images/software_31.jpg",
      "images/software_32.jpg",
      "images/software_33.jpg",
      "images/software_34.jpg",
      "images/software_35.jpg",
      "images/software_36.jpg",
      "images/software_37.jpg",
      "images/software_38.jpg",
      "images/software_39.jpg"
    ]
  },
  "health": {
    "category_name": "health",
    "total_ads_found": 236,
    "top_keywords": {
      "for": 84,
      "the": 81,
      "your": 79,
      "more": 67,
      "care": 62,
      "learn": 59,
      "and": 38,
      "you": 35,
      "healthy": 34,
      "now": 29,
      "com": 29,
      "get": 27,
      "find": 26,
      "healthcare": 24,
      "start": 22,
      "mental": 21,
      "life": 20,
      "our": 20,
      "every": 20,
      "center": 17,
      "healthier": 16,
      "can": 16,
      "click": 16,
      "here": 16,
      "sign": 15,
      "out": 14,
      "about": 14,
      "with": 14,
      "how": 14,
      "access": 13,
      "their": 12,
      "living": 12,
      "nevada": 12,
      "today": 11,
      "sports": 11,
      "new": 11,
      "best": 11,
      "magnesium": 10,
      "reach": 10,
      "friend": 10,
      "seize": 10,
      "awkward": 10,
      "jed": 10,
      "help": 10,
      "plan": 10,
      "food": 9,
      "newsletter": 9,
      "free": 9,
      "register": 9,
      "community": 9
    },
    "sample_images": [
      "images/health_0.jpg",
      "images/health_1.jpg",
      "images/health_2.jpg",
      "images/health_3.jpg",
      "images/health_4.jpg",
      "images/health_5.jpg",
      "images/health_6.jpg",
      "images/health_7.jpg",
      "images/health_8.jpg",
      "images/health_9.jpg",
      "images/health_10.jpg",
      "images/health_11.jpg",
      "images/health_12.jpg",
      "images/health_13.jpg",
      "images/health_14.jpg",
      "images/health_15.jpg",
      "images/health_16.jpg",
      "images/health_17.jpg",
      "images/health_18.jpg",
      "images/health_19.jpg",
      "images/health_20.jpg",
      "images/health_21.jpg",
      "images/health_22.jpg",
      "images/health_23.jpg",
      "images/health_24.jpg",
      "images/health_25.jpg",
      "images/health_26.jpg",
      "images/health_27.jpg",
      "images/health_28.jpg",
      "images/health_29.jpg",
      "images/health_30.jpg",
      "images/health_31.jpg",
      "images/health_32.jpg",
      "images/health_33.jpg",
      "images/health_34.jpg",
      "images/health_35.jpg",
      "images/health_36.jpg",
      "images/health_37.jpg",
      "images/health_38.jpg",
      "images/health_39.jpg"
    ]
  }
}